latitude,longitude,code,active_energy,active_energy_exp,reactive_energy,kvarh_imp,kvarh_exp,reactive_energy_lead,reactive_energy_lag,apparent_energy,apparent_energy_exp,r_phase_neutral_agv_volts,y_phase_neutral_agv_volts,b_phase_neutral_agv_volts,r_phase_avg_current,y_phase_avg_current,b_phase_avg_current
23.070166,72.673645,aash_1,2184.200030788779,0,0,765.9000085294247,0,0,0,2657.100034832954,0,437313.9003601074,438410.0999755859,435948.9998931885,3728.500012420118,4807.300019361079,3862.600009813905
23.078787,72.673332,aayu_2,0,0,0,0,0,0,0,0,0,48163.39994812012,48340.40013122559,48529.49996948242,0,0,0
23.058346,72.675392,abhi_3,2265.200001120567,307.1000006198883,524.4000019878149,472.500002540648,91.90000003576279,524.4000019878149,0,2329.300000503659,320.8000004291534,213562.3999633789,215470.1001586914,209468.400100708,13510.09998252243,15691.19999913126,13875.89999610186
23.055174,72.680992,adar_4,419.8000055104494,0,0,112.9000011608005,0,0,0,510.6000062376261,0,118921.5000305176,119257.7998809814,118679.2000274658,1278.400000065565,1596.899999499321,1302.699999719858
23.060299,72.674385,adar_4,5168.500012971461,614.2000012397766,1048.80000397563,1156.100007638335,183.8000000715256,1048.80000397563,0,5471.300014302135,641.6000008583069,568893.4002990723,548736.3003387451,536379.4004364014,29446.09996888787,33383.2999984324,28905.19999837875
23.068586,72.653595,aekn_5,208.7000030949712,0,0,96.3000015988946,0,0,0,247.6000035181642,0,0,0,0,0,0,0
34.215691,75.50412,amar_6,2223.700001001358,307.1000006198883,524.4000019878149,471.2000025212765,91.90000003576279,524.4000019878149,0,2287.80000038445,320.8000004291534,189593.8000488281,191477.3001708984,185485.700088501,13454.29998242855,15617.49999901652,13243.20000171661
23.068586,72.653595,ambi_7,339.3000035956502,0,0,135.700001642108,0,0,0,426.1000032350421,0,95836.00012207031,95070.79986572266,95053.00006103516,802.9000026583672,1074.00000641495,938.0000011771917
23.075665,72.662392,ambi_7,23.30000035464764,0,0,36.40000088512897,0,0,0,44.80000050365925,0,0,0,0,0,0,0
23.068586,72.653595,amc _8,61.09999991953373,0,8.100000120699406,3.600000113248825,0,8.100000120699406,0,61.60000003874302,0,21270.80004882813,22275.59992980957,21416.7999420166,690.5000066757202,17.20000025629997,333.2000017166138
23.068586,72.653595,anga_9,4917.900010243058,614.2000012397766,1048.80000397563,1126.300007708371,183.8000000715256,1048.80000397563,0,5133.100010588765,641.6000008583069,474312.8001708984,478477.1003417969,466362.2000427246,27525.39996527135,32084.49999829382,27210.00000376254
12.98022,77.646133,asce_10,17.80000013113022,0,0,.9000000134110451,0,0,0,18.20000017434359,0,24089.60006713867,0,0,300.5000011846423,0,0
23.068586,72.653595,astm_11,1145.000014208257,0,0,367.0000032484531,0,0,0,1343.40001616627,0,1419025.900161743,1369076.899475098,1414630.100219727,3380.900017395616,2839.000008530915,3476.300013206899
23.068586,72.653595,bala_12,97.50000093132257,0,28.10000052303076,4.500000096857548,0,28.10000052303076,0,98.00000090152025,0,48633.40007019043,48104.10003662109,48246.19995117188,511.1000037193298,1226.500003218651,455.7000000476837
23.076185,72.674942,bala_12,3222.200028263032,0,725.0000034049153,987.6000053286552,0,726.3000032380223,0,3617.100015208125,0,281860.3000030518,285788.4002990723,285335.0000915527,13015.39997331798,14287.39998389781,13979.49999282509
23.071575,72.673416,bapa_13,407.000005364418,0,0,135.8000002205372,0,0,0,511.7000069692731,0,95589.90010070801,96227.60015869141,95737.19993591309,749.7999982982874,694.7999993041158,709.3000021725893
23.068586,72.653595,baps_14,0,0,0,0,0,0,0,0,0,47961.49998474121,47591.39999389648,47769.09999084473,0,0,0
23.053457,72.679604,bhak_15,1439.500009045005,365.3999985083938,92.50000091642141,451.9000011533499,31.59999999403954,92.50000091642141,0,1569.80000410229,368.200000166893,1208335.599807739,950156.2005462646,950108.7997436523,14392.7999997586,9579.299961611629,9481.499990105629
23.053665,72.681168,bhak_15,1174.000008888543,137.4000001624227,148.0000014603138,226.500001706183,11.60000020265579,148.0000014603138,0,1219.300009891391,140.0000002980232,595970.6998596191,589871.6997833252,593588.8999938965,6621.500002205372,8233.799982652068,8092.600006908178
23.05414,72.679428,bhak_15,682.8000056669116,114.0000015497208,49.80000077188015,155.1000020876527,8.700000159442425,49.80000077188015,0,755.9000062197447,116.4000016152859,47431.40005493164,47524.49990844727,47723.80010986328,1785.09999795258,2023.299991086125,2123.099997118115
23.068586,72.653595,capi_16,204.2000027447939,0,0,60.30000089854002,0,0,0,218.4000031203032,0,0,0,0,0,0,0
,,cell_17,2223.700001001358,307.1000006198883,524.4000019878149,471.2000025212765,91.90000003576279,524.4000019878149,0,2287.80000038445,320.8000004291534,189593.8000488281,191477.3001708984,185485.700088501,13454.29998242855,15617.49999901652,13243.20000171661
,,chec_18,6671.100003004074,921.3000018596649,1573.200005963445,1413.600007563829,275.7000001072884,1573.200005963445,0,6863.40000115335,962.4000012874603,568781.4001464844,574431.9005126953,556457.1002655029,40362.89994728565,46852.49999704957,39729.60000514984
23.068586,72.653595,crys_19,880.9000021964312,0,187.7000003457069,411.2000004947186,0,187.8000002503395,0,990.8000047653913,0,740408.5993347168,748884.4002685547,742286.9994659424,6407.499996803701,4572.399996250868,4878.599993728101
23.068586,72.653595,deep_20,579.9000081419945,0,0,114.7000013813376,0,0,0,662.5000095441937,0,164637.700012207,166330.9999237061,168345.599899292,311.4000017717481,656.1000011414289,667.1999990046024
23.054468,72.677383,dev _21,7588.700032763183,792.8999989032745,1091.500002399087,1564.400006659329,160.400001168251,1091.500002399087,0,8140.100035257638,815.9999998807907,829369.799987793,832115.200378418,828934.6001739502,28010.19997067004,45324.19998815656,39585.89997686446
23.077829,72.674652,dev _21,2711.900004260242,374.9000013917685,598.50000346452,577.4000030085444,99.10000014305115,598.50000346452,0,2813.500003293157,389.8000009581447,1121140.799865723,1148976.600311279,1116876.300018311,17042.29999476671,20086.60000211746,16343.50001355261
23.052109,72.678429,deva_22,1269.300018742681,0,81.90000004321337,278.8000034913421,0,81.90000004321337,0,1377.800021238625,0,2743539.700439453,2738152.600860596,2728619.799682617,6757.100024707615,6488.10001976043,6493.6000290066
23.055214,72.681679,deva_22,338.8000054731965,0,0,101.8000011742115,0,0,0,416.3000052422285,0,118600.6998291016,118275.9997253418,118477.3000335693,601.3999952301383,621.1000003814697,621.6999991238117
23.061764,72.677139,deva_22,2331.700001314282,307.1000006198883,524.4000019878149,501.4000028073788,91.90000003576279,524.4000019878149,0,2401.600001066923,320.8000004291534,237995.3998413086,239689.300201416,233439.3000946045,14545.09999883175,16930.89999672771,14255.40000104904
23.068586,72.653595,deva_22,11.9000001475215,0,0,.5000000074505806,0,0,0,12.40000015497208,0,23832.00004577637,23730.39994812012,23992.50004577637,54.80000045150518,191.0000012814999,33.80000012367964
23.06966,72.676811,devk_23,1334.300006985664,0,257.6000001356006,559.1000012531877,0,257.7000002786517,0,1578.900008179247,0,214471.8996887207,215664.0001831055,214960.9999542236,6488.400014296174,5792.99999217689,6379.000008374453
23.073009,72.672142,devr_24,4435.400039635599,307.1000006198883,524.4000019878149,994.1000106409192,91.90000003576279,524.4000019878149,0,4994.000047504902,320.8000004291534,189593.8000488281,191477.3001708984,185485.700088501,13454.29998242855,15617.49999901652,13243.20000171661
23.073448,72.676567,divy_25,2586.000017210841,7.700000174343586,390.2000003457069,850.1000008657575,.4000000059604645,390.4000006318092,0,2974.200016617775,7.800000175833702,382393.5000305176,382615.300201416,384059.3001861572,11842.70000448823,11963.60001978278,12255.19998208433
,,divy_25,707.7000117152929,0,0,170.1000025421381,0,0,0,842.000013679266,0,24082.39994812012,23944.49998474121,23871.99995422363,468.5000004172325,563.8999974727631,534.6000019609928
23.072504,72.670044,durg_26,465.3000072166324,0,0,144.8000024333596,0,0,0,576.0000097602606,0,23903.70007324219,23972.09992980957,23983.19998168945,427.1999971345067,175.8000004589558,161.7000027894974
23.068586,72.653595,eart_27,69.70000132918358,0,4.5,7.600000016391277,0,4.5,0,71.3000006005168,0,48388.30009460449,48217.3999786377,48160.20007324219,521.8999978899956,302.9000001251698,277.4000011309981
,,emc__28,2223.700001001358,307.1000006198883,524.4000019878149,471.2000025212765,91.90000003576279,524.4000019878149,0,2287.80000038445,320.8000004291534,189593.8000488281,191477.3001708984,185485.700088501,13454.29998242855,15617.49999901652,13243.20000171661
23.068586,72.653595,flow_29,685.400006622076,0,0,369.9000014364719,0,0,0,854.7000094056129,0,95063.49984741211,95221.49989318848,95031.69993591309,2434.900009028614,2503.49999435246,2368.899997636676
23.056143,72.685883,fort_30,104.8000009059906,0,0,14.99999997019768,0,0,0,107.6000011563301,0,48055.39984130859,48360.99978637695,47957.80001831055,1120.39999961853,411.6000026166439,188.3999983817339
23.064974,72.673134,gala_31,9942.300021521747,1329.900004453957,2097.60000795126,2167.700014643371,388.7000004574656,2097.60000795126,0,10327.5000211522,1388.100003801286,782424.3001556396,789843.9007110596,766149.9004364014,53927.19992926717,62525.59999614954,53057.50000674278
,,gala_31,2223.700001001358,307.1000006198883,524.4000019878149,471.2000025212765,91.90000003576279,524.4000019878149,0,2287.80000038445,320.8000004291534,189593.8000488281,191477.3001708984,185485.700088501,13454.29998242855,15617.49999901652,13243.20000171661
23.063515,72.678589,gane_32,1419.300012096763,308.5999979972839,156.6000002473593,350.2000028416514,55.20000016689301,156.7000001519918,0,1646.400009252131,315.8000011444092,208926.6999206543,210278.6000061035,209453.799987793,6258.800026699901,6569.49996894598,6747.200022995472
23.068586,72.653595,gane_32,238.9000039622188,0,0,58.20000087469816,0,0,0,335.6000057086349,0,0,0,0,0,0,0
23.0783,72.672585,gane_32,769.1000102311373,0,0,271.3000010997057,0,0,0,1007.500012740493,0,142402.4001159668,143761.4000091553,143506.9998474121,2021.800000160933,1883.699985913932,1613.500006467104
23.068665,72.675041,goku_33,2813.500022158027,80.60000120848417,314.3000012114644,719.6000057160854,8.700000129640102,314.5000012591481,0,3103.000022627413,83.30000122636557,119425.600112915,119494.4002685547,118733.799987793,10084.70000886917,9398.600006729364,8302.200029298663
23.070976,72.668228,goku_33,1181.800020098686,74.90000161528587,0,293.1000045016408,17.4000002592802,0,0,1437.900024458766,78.50000159442425,0,0,0,0,0,0
23.07361,72.66526,gold_34,165.7000029757619,0,0,28.80000043660402,0,0,0,210.70000372082,0,0,0,0,0,0,0
23.065035,72.67765,gova_35,1363.800012283027,99.2000011280179,88.10000044852495,295.2000034153461,9.700000159442425,88.10000044852495,0,1446.500013276935,101.5000012814999,1716066.00050354,1521947.800140381,1530497.700393677,11342.00001262128,8033.800016582012,7470.500012107193
23.066133,72.675354,gova_35,671.9000023305416,90.10000013560057,76.00000117719173,69.00000090152025,9.500000216066837,76.00000117719173,0,689.3000040724874,91.50000020116568,816710.5998077393,793113.6006164551,808194.8003540039,6379.699999250472,5128.600004643202,4720.900012999773
23.070892,72.671288,gova_35,1149.400009021163,376.4999986886978,173.6000002324581,403.7000019401312,125.8999997377396,173.6000002324581,0,1408.500010572374,408.3000003099442,215361.6999359131,215020.099822998,215520.8997344971,6539.799987234175,4350.200004674494,7300.699996367097
23.027212,72.453552,hari_36,1004.60000886023,92.20000122487545,93.40000031888485,250.1000016853213,14.60000029206276,93.40000031888485,0,1077.200009405613,98.20000132918358,23823.60003662109,71267.90016174316,70980.00012207031,4619.700012087822,5401.300015091896,4465.400021493435
23.068586,72.653595,hari_36,8146.600019671023,1015.900003232062,1573.200005963445,1996.800014108419,293.3000003769994,1573.200005963445,0,8616.30002130568,1060.900002703071,831418.4001312256,825983.5003967285,832171.3002586365,44042.09995210171,50572.10000685602,43114.80001948774
23.068586,72.653595,hill_37,2262.100001692772,307.1000006198883,524.4000019878149,471.5000025257468,91.90000003576279,524.4000019878149,0,2326.300001084805,320.8000004291534,213570.7000732422,215264.5001068115,209557.3000183105,13761.09998047352,16228.00000116229,13564.20000290871
23.074265,72.665703,hilo_38,423.2000075653195,0,0,83.1000012382865,0,0,0,493.0000088736415,0,0,0,0,0,0,0
23.056795,72.675095,ishw_39,1026.200005397201,0,150.9000004678965,338.5000004842877,0,151.000000372529,0,1177.90000654012,0,95046.19993591309,95495.60005187988,95124.50016784668,3959.199996903539,4099.099989809096,4664.099992848933
23.067757,72.667549,jio _40,2293.200002014637,307.1000006198883,524.4000019878149,472.6000025421381,91.90000003576279,524.4000019878149,0,2357.500001385808,320.8000004291534,213492.1999816895,215233.2000732422,209485.8000183105,13819.09998381138,16002.59999772906,13615.19999933243
23.071644,72.674339,jiva_41,8710.200028680265,211.7999999523163,1469.600002273917,2614.300007529557,26.40000039339066,1470.20000217855,0,9547.800038062036,213.9999995231628,760551.3999481201,763667.7999572754,764245.8001098633,30908.50005126745,37878.2999856174,52499.89999539405
23.077936,72.671913,jyot_42,121.9000017270446,0,0,28.9000004157424,0,0,0,147.2000021636486,0,24233.89996337891,24017.1000213623,24122.3000793457,28.8999996855855,147.9999997019768,84.39999961107969
23.071344,72.671021,kalg_43,657.5000116154552,0,0,167.4000027924776,0,0,0,803.1000138893723,0,0,0,0,0,0,0
23.066792,72.669823,kama_44,741.4000103697181,45.20000060647726,0,269.8000021800399,3.200000047683716,0,0,907.7000119537115,46.10000059008598,309133.200088501,310192.9004974365,309309.9002532959,1046.700003057718,1359.100001379848,2433.800014972687
23.068586,72.653595,kame_45,330.5000054389238,23.8000003695488,0,60.10000091791153,6.300000093877316,0,0,392.7000065371394,24.80000038444996,0,0,0,0,0,0
23.068586,72.653595,karn_46,3198.600014172494,630.6000052839518,524.4000019878149,801.2000067532063,118.3000004291534,524.5000018924475,0,3384.800015732646,649.5000050663948,505366.8001861572,479361.7004089355,477484.6003723145,15688.59998332709,17563.1999990344,14890.50000205636
23.045395,72.67997,kast_47,2797.200009323657,307.1000006198883,524.4000019878149,620.3000041395426,91.90000003576279,524.4000019878149,0,2989.700011670589,320.8000004291534,351445.200088501,353647.9004364014,348145.0002593994,14563.99998595566,18545.29999315739,14222.10000234097
23.064871,72.671257,kave_48,2969.600010700524,328.3000010550022,524.4000019878149,614.5000046938658,92.10000003874302,524.5000023692846,0,3144.000012218952,342.2000008672476,401319.4999694824,380259.6002502441,374567.5002593994,15152.59999140352,16894.39999649674,13867.20000251383
23.068586,72.653595,kens_49,631.1000055149198,477.3000014349818,47.80000060796738,84.50000078231096,39.40000037848949,47.80000060796738,0,644.6000055000186,482.1000041514635,476718.9000549316,451543.7998046875,456013.900177002,7715.599998503923,5734.500002682209,6076.099996492267
23.046724,72.680008,kesa_50,1969.500017993152,0,157.3000014573336,383.6000045835972,0,157.500001475215,0,2145.30001796782,0,166230.5999908447,166325,166226.1000213623,7187.000004187226,7437.100004553795,7169.599994122982
23.104,72.662949,kesa_50,741.5000043511391,0,0,127.6000013053417,0,0,0,776.4000056385994,0,703416.8993835449,370843.7001800537,396517.0001945496,7785.999993376434,2162.900003366172,3217.900007538497
23.063665,72.674095,kesh_51,1403.900010086596,0,0,476.3000043779612,0,0,0,1646.200023069978,0,284756.2002410889,283043.2001342773,283874.5001678467,2997.800008013844,3158.199998274446,3095.800008349121
23.068586,72.653595,kesh_51,3502.500022754073,323.4000010341406,524.4000019878149,781.8000073432922,96.3000001013279,524.4000019878149,0,3802.9000261724,338.3000008538365,189593.8000488281,191477.3001708984,185485.700088501,13454.29998242855,15617.49999901652,13243.20000171661
23.07535,72.676552,kesh_51,141.0000023469329,0,0,36.70000054687262,0,0,0,183.2000030204654,0,24205.30001831055,24006.89999389648,23982.50001525879,0,0,0
23.104046,72.663582,kesh_51,2289.300001867115,307.1000006198883,524.4000019878149,499.2000029906631,91.90000003576279,524.4000019878149,0,2366.300000265241,320.8000004291534,213670.1001281738,215635.7002105713,209702.1001281738,14285.39998471737,16243.30000254512,14016.40000391006
23.0769,72.663223,khar_52,323.9000049605966,0,0,47.60000072419643,0,0,0,372.800005748868,0,0,0,0,0,0,0
23.068586,72.653595,koth_53,197.7000033333898,68.80000114440918,0,60.80000091344118,2.400000035762787,0,0,228.2000034078956,70.20000116527081,0,0,0,0,0,0
23.063999,72.678452,kris_54,1307.800004146993,283.3000035360456,133.8000012636185,285.200001783669,24.70000027865171,133.8000012636185,0,1376.20000552386,285.5000007450581,1157952.299682617,1137586.400405884,1132938.299987793,11768.59997622669,8143.60001925379,8573.100008293986
23.068586,72.653595,kris_54,509.0000080540776,15.60000039637089,0,149.7000025585294,2.000000029802322,0,0,611.0000105798244,16.40000040829182,46375.70004272461,46711.50007629395,46909.50001525879,35.79999969154596,0,360.0999999046326
23.068586,72.653595,kush_55,463.0000075250864,30.00000051409006,0,87.1000013500452,5.800000086426735,0,0,579.300009354949,31.30000051110983,0,0,0,0,0,0
23.069633,72.675751,laxm_56,5394.700032994151,0,580.3000031858683,1604.400013409555,0,580.7000029236078,0,6096.800048619509,0,719261.1001739502,718154.6997833252,692413.900177002,18992.90000224859,18687.09999104589,19981.49997962266
23.070463,72.674728,laxm_56,4818.800029210746,178.9999987781048,974.0000025629997,1547.300010606647,91.09999984502792,975.0000022053719,0,5365.000030517578,203.7999990284443,1069297.09967041,1097756.000457764,1077765.900024414,18088.50002767891,26447.89999706298,20884.99998351187
23.068586,72.653595,leel_57,27.30000042915344,0,0,12.40000022947788,0,0,0,30.30000034719706,0,0,0,0,0,0,0
23.064194,72.673851,madh_58,2501.700003392994,307.1000006198883,524.4000019878149,533.200002707541,91.90000003576279,524.4000019878149,0,2584.800002731383,320.8000004291534,1078877.200073242,959042.5003967285,952237.4996490479,16639.49998789281,16793.50000111759,14365.0000006333
23.067432,72.655617,madh_58,912.200014911592,14.90000016987324,0,240.1000032275915,.9000000134110451,0,0,1084.000017039478,15.00000016391277,47451.8000793457,46851.09991455078,47673.29995727539,807.299999460578,685.7000004202127,945.2000012993813
23.068586,72.653595,maha_59,2380.600010253489,0,307.4000001773238,704.3000039234757,0,307.7000003680587,0,2721.200014188886,0,310641.3999938965,310959.1000366211,311468.8001251221,10717.00002486259,10140.50001038611,9156.600004658103
23.072149,72.675621,maha_59,10.00000024586916,0,0,3.200000047683716,0,0,0,11.50000026077032,0,23828.70002746582,23029.80010986328,23604.20001220703,16.3000006005168,62.3000010997057,98.40000012516975
23.068586,72.653595,mahe_60,541.4000094607472,0,0,92.10000146925449,0,0,0,638.700010985136,0,0,0,0,0,0,0
23.050119,72.679955,mane_61,73.90000057220459,8.000000134110451,20.90000043064356,19.00000038743019,3.000000074505806,20.90000043064356,0,78.20000106841326,9.400000132620335,46959.9998626709,47558.69995117188,47381.09985351563,358.3000008538365,390.3000008612871,634.9000023305416
23.068134,72.667122,mang_62,3063.6000155285,346.6000012680888,524.4000019878149,641.900005094707,95.30000008642673,524.4000019878149,0,3321.600017808378,361.7000011354685,237434.2001495361,239564.9002380371,233363.2002258301,13463.19998256117,15617.49999901652,13243.20000171661
23.068586,72.653595,mang_62,393.200006775558,16.80000019073486,0,62.40000092983246,4.800000071525574,0,0,478.0000081658363,18.50000020861626,0,0,0,0,0,0
23.068586,72.653595,manm_63,2529.800006233156,321.2000007852912,524.4000019878149,530.8000034093857,92.10000003874302,524.4000019878149,0,2657.200006589293,335.0000005960464,189593.8000488281,191477.3001708984,185485.700088501,13454.29998242855,15617.49999901652,13243.20000171661
23.057194,72.678146,marr_64,463.6000068858266,0,0,76.10000123083591,0,0,0,501.5000072643161,0,2591444.300613403,2537179.900375366,2529775.999160767,3613.100011482835,1830.900016017258,2075.300016008317
23.068586,72.653595,maru_65,459.7000020369887,0,47.60000005364418,136.4000005945563,0,47.60000005364418,0,515.5000027418137,0,96804.90002441406,96360.59996032715,96165.6000213623,1397.900004953146,1971.700007379055,1677.99999859184
23.057194,72.678146,merr_66,2223.700001001358,307.1000006198883,524.4000019878149,471.2000025212765,91.90000003576279,524.4000019878149,0,2287.80000038445,320.8000004291534,189593.8000488281,191477.3001708984,185485.700088501,13454.29998242855,15617.49999901652,13243.20000171661
23.063854,72.678062,mobi_67,486.7999980449677,0,64.80000180006027,32.60000026226044,0,64.90000180900097,0,489.9999983310699,0,48016.40002441406,48389.99993896484,47919.99987792969,1189.799993515015,4346.000003814697,2293.399995803833
23.068586,72.653595,mobi_67,882.9999928474426,0,42.00000089406967,37.90000029653311,0,42.00000089406967,0,885.7999932169914,0,119130.8997344971,119310.5998382568,118933.5000152588,5420.100026093423,4173.39999961853,4631.700009822845
23.068586,72.653595,murl_68,1163.200019337237,85.40000130981207,0,305.1000050902367,8.200000122189522,0,0,1385.500022850931,88.50000144541264,68494.40000915527,71263.79997253418,71404.60003662109,19.60000021010637,212.699999473989,108.800000064075
23.068586,72.653595,nand_69,536.1000090166926,47.10000067949295,0,116.7000017464161,14.60000021755695,0,0,628.2000104263425,51.40000084042549,0,0,0,0,0,0
23.067757,72.667549,neel_70,1126.800012923777,112.200001873076,0,421.000003837049,18.40000030398369,0,0,1398.200015611947,119.0000020414591,95040.3999786377,92098.90014648438,93187.70001220703,1532.499995946884,5061.800015151501,1372.699998281896
23.070318,72.67041,neel_70,92.00000163912773,0,0,39.50000063329935,0,0,0,120.1000021547079,0,432129.6000213623,361082.3999938965,358290.200088501,1967.50000217557,1240.7000034675,1207.599997133017
21.129612,79.125153,new _71,797.0000130981207,45.40000081062317,0,174.3000026345253,.6000000089406967,0,0,965.3000157251954,46.6000008136034,0,0,0,0,0,0
23.075645,72.666351,new _71,521.2000088691711,0,0,75.00000113248825,0,0,0,637.7000106275082,0,0,0,0,0,0,0
23.120392,72.603302,nilk_72,885.7000117599964,0,0,303.8000019490719,0,0,0,1087.500012084842,0,188470.100112915,186891.5999298096,186539.799911499,1711.700002267957,1705.700002513826,1907.200000666082
23.062485,72.6763,nr v_73,73.00000083446503,0,0,14.40000016987324,0,0,0,75.80000048875809,0,47972.99996948242,47950.59994506836,47741.20010375977,137.0000000298023,733.4000048041344,374.1999936103821
23.068586,72.653595,omka_74,4724.000003933907,614.2000012397766,1048.80000397563,964.6000056415796,183.8000000715256,1048.80000397563,0,4854.300001233816,641.6000008583069,450637.700088501,454228.6004333496,442879.0002593994,28315.2999612093,33228.50000151992,27657.0000103265
23.060299,72.674385,opp _75,81.50000008940697,0,0,4.700000040233135,0,0,0,82.09999975562096,0,24053.79995727539,24190.1999206543,24031.80004882813,693.1000003814697,633.600001335144,819.0999979972839
23.066158,72.672134,opp _75,2269.200001657009,307.1000006198883,524.4000019878149,482.3000027537346,91.90000003576279,524.4000019878149,0,2335.700000785291,320.8000004291534,213479.6000213623,215567.5001525879,209657.7001037598,14068.79998403788,15682.29999936372,13343.40000231564
23.058197,72.674522,opp._76,150.9000010490417,0,0,4.600000068545341,0,0,0,151.1000010967255,0,23491.79995727539,23625.39996337891,23311.80001831055,925.4000005722046,700.4000004827976,923.8000055551529
23.07626,72.677902,orch_77,55.4000006467104,17.6000000834465,5.800000101327896,7.800000123679638,2.60000005364418,5.800000101327896,0,57.20000078529119,18.79999998956919,71531.39996337891,71803.19982910156,72241.49992370605,345.3999989628792,181.2999997511506,687.2000011056662
23.07679,72.671753,orch_77,502.4000087231398,0,0,153.7000029757619,0,0,0,643.9000104218721,0,0,0,0,0,0,0
23.092171,72.552925,pach_78,399.7000069096684,0,0,147.8000019267201,0,0,0,511.3000075221062,0,95444.09999084473,95313.10003662109,95182.10003662109,680.1000019311905,680.9000015556812,718.8999992311001
23.068586,72.653595,pana_79,2351.100026577711,0,0,610.5000067949295,0,0,0,2768.800034217536,0,334496.3998260498,332894.2001190186,332877.3999023438,6144.599995113909,4958.700004816055,4879.800026997924
23.068802,72.646278,panc_80,515.1000085622072,0,0,144.4000019207597,0,0,0,660.000009894371,0,166669.8002929688,166019.6001739502,166182.5999450684,1472.600002981722,792.3000014424324,751.6999998092651
23.073959,72.670288,panc_80,815.000012807548,0,0,187.5000034496188,0,0,0,955.1000152304769,0,94882.19989013672,96238.60014343262,94280.29998779297,476.3999996185303,509.6000014543533,737.5000036656857
23.066158,72.672134,para_81,1651.100025445223,0,0,482.5000050216913,0,0,0,1889.900025643408,0,784729.8997955322,781297.4999237061,766074.4997558594,4797.200001463294,3398.700008809566,3587.800016418099
23.069107,72.68087,para_81,4248.400021128356,915.0000058710575,713.5000027939677,1088.700008779764,132.3000004515052,713.6000028178096,0,4487.400019854307,934.9000064283609,2514273.000747681,2475815.600683212,2497542.600112915,36625.89998033643,32103.80001122504,29200.9999999702
,,para_81,18.5000003054738,0,0,1.000000014901161,0,0,0,25.40000040829182,0,0,0,0,0,0,0
23.068586,72.653595,parm_82,2517.300005435944,333.400000937283,524.4000019878149,556.3000038862228,95.90000009536743,524.4000019878149,0,2638.700005210936,347.8000007420778,285567.6000518799,263351.9003295898,257561.3001251221,14123.89998292923,15857.29999818653,13492.30000405759
23.069223,72.668961,parm_82,462.4000066071749,0,0,104.9000012353063,0,0,0,570.2000088989735,0,190999.1000366211,191484.3999633789,192568.1001586914,1057.799998819828,1556.400001563132,1119.700005114079
23.068586,72.653595,pear_83,4003.500013358891,307.1000006198883,625.4000028669834,889.1000060662627,91.90000003576279,625.4000028669834,0,4184.900012545288,320.8000004291534,1268177.40083313,1246273.100708008,1242366.099838257,22096.89998982102,23999.89999189973,21787.69999697804
23.070988,72.673065,pear_83,647.4000092372298,0,0,130.1000021547079,0,0,0,702.9000095874071,0,644326.9000854492,547627.5002288818,547995.6997833252,4962.900004923344,3761.300004996359,3791.40000128001
23.071152,72.679665,pear_83,46.10000011324883,0,0,6.900000236928463,0,0,0,47.40000015497208,0,24148.60005187988,24138.8000793457,24229.0001373291,304.4000015929341,554.5000011920929,220.3000000119209
23.078568,72.670738,prah_84,303.8000051006675,0,0,47.90000071376562,0,0,0,403.0000066906214,0,0,0,0,0,0,0
23.062252,72.671509,prat_85,2121.200021497905,0,0,695.1000077277422,0,0,0,2466.300029009581,0,1213923.700057983,1216749.599853516,1217151.300613403,5091.400024406612,5719.800028532743,4711.700007252395
23.072313,72.676704,prat_85,2962.100012160838,0,411.2000007778406,1045.800003372133,0,412.4000005871058,0,3431.200026370585,0,357704.999786377,360259.5999450684,356395.800491333,12348.39997608215,12064.90001233667,12971.8000151217
23.078407,72.673927,prat_85,589.8000073507428,0,0,247.1000037714839,0,0,0,733.400011472404,0,96394.6000213623,96500.80010986328,96115.49978637695,1439.400006234646,945.30000436306,825.5000000819564
23.062908,72.677361,pusk_86,66.3000001758337,0,212.7999997138977,2.90000007301569,0,212.8999998569489,0,67.30000022053719,0,48969.29995727539,48922.60015869141,49385.89987182617,2440.699995040894,2280.300001144409,2300.200010299683
23.067986,72.675377,radh_87,905.1000077202916,38.4000006467104,64.40000039339066,215.0000025704503,.4000000059604645,64.40000039339066,0,984.6000085547566,38.80000065267086,71327.5001373291,71687.60008239746,71912.40016174316,2865.100000858307,2654.099995613098,1741.899997234344
23.068586,72.653595,radh_87,4731.700024574995,339.700001090765,616.3000034689903,864.2000076249242,93.90000006556511,616.3000034689903,0,5210.800032228231,353.6000009030104,428409.8999938965,431124.7000427246,423904.0003051758,19339.89999700338,21748.99998635799,20591.20001452416
23.068586,72.653595,radr_88,725.1000095754862,0,0,259.7000013738871,0,0,0,901.0000106990337,0,141905.9999237061,142588.9002990723,142220.5000610352,1394.499999940395,1390.000000357628,1366.200000531971
23.068586,72.653595,raj _89,1832.500005468726,103.8000004291534,264.2000027298927,418.7000034824014,29.60000059008598,264.2000027298927,0,1990.400002256036,110.4000006914139,238101.5002593994,238060.5000305176,239476.7004394531,7348.29998768121,8819.200011141598,9675.599996626377
23.07885,72.655006,raj _89,2689.099999025464,307.1000006198883,611.7000022679567,659.100004516542,91.90000003576279,611.7000022679567,0,2829.900000073016,320.8000004291534,404994.200012207,406893.5002288818,400405.2001495361,16776.6999809444,17489.69999884814,15792.30000068992
23.068586,72.653595,rajc_90,5417.100011028349,656.9000021219254,1119.200005397201,1060.80000628531,185.5000000968575,1119.200005397201,0,5607.700009465218,684.9000017568469,474775.6999664307,479319.700302124,465927.3002166748,31104.39996147156,34901.30001378059,28793.00000771135
23.068586,72.653595,rajh_91,2499.800004281104,0,405.2000017911196,855.7000027745962,0,405.3000018149614,0,2811.000013135374,0,238155.6995697021,238640.3999786377,239451.6999206543,12018.79999743402,11782.3999985978,12391.79998789728
23.056646,72.677269,rajv_92,362.4000039845705,213.9000023752451,33.70000074803829,87.40000136196613,48.80000076442957,33.70000074803829,0,414.9000042304397,223.200001552701,47613.70004272461,47741.69998168945,47938.70004272461,1374.300005376339,2001.69999986887,1020.400000698864
23.057777,72.674316,rajv_92,4797.000006526709,614.2000012397766,1048.80000397563,1008.400005325675,183.8000000715256,1048.80000397563,0,4944.900004655123,641.6000008583069,2537099.800186157,2593570.601104736,2554125.400192261,30027.89997322857,34166.60000629723,29097.10001711547
23.020813,72.512596,ram _93,801.0000056326389,0,136.7999999523163,224.8000011071563,0,136.8999998569489,0,897.7000069320202,0,47732.10005187988,47867.60003662109,47962.69982910156,2630.600002288818,3020.900001451373,3295.899993896484
23.05265,72.679825,rel _94,2290.900000840425,307.1000006198883,524.4000019878149,473.0000025480986,91.90000003576279,524.4000019878149,0,2355.400000244379,320.8000004291534,236103.8001251221,239009.6002044678,227677.2001190186,13490.99998259544,16628.40000043809,13339.30000261217
23.072149,72.675621,rel _94,182.2000001072884,0,26.40000092983246,9.200000315904617,0,26.40000092983246,0,183.3999996185303,0,47742.39999389648,48428.30015563965,47996.10005187988,1815.300000190735,341.6000000536442,821.599997036159
23.068586,72.653595,reli_95,71.00000027567148,0,0,3.500000052154064,0,0,0,72.70000025629997,0,71048.99996948242,70424.99996948242,70822.10018920898,213.7999998256564,740.6000009030104,366.6999995559454
23.05265,72.679825,reva_96,1876.000007733703,0,124.899999588728,381.300003670156,0,124.899999588728,0,1957.300010249019,0,1183524.700302124,1178545.100494385,1182411.099578857,8458.600021913648,9133.700017422438,11440.80002468824
23.053961,72.681847,reva_96,1112.700005374849,446.300000756979,125.000000834465,185.30000153929,60.80000004172325,125.000000834465,0,1157.900004193187,452.6000020653009,997407.2995910645,974084.30027771,976962.3002166748,10176.99999886006,9451.500017650425,8072.500003285706
23.068586,72.653595,roya_97,593.8000039085746,294.8999990895391,57.9000009149313,93.30000152438879,31.99999995529652,57.9000009149313,0,634.9000049158931,298.4999995976686,1069303.400405884,974517.1004486084,1003259.499938965,5471.300000727177,4467.600010819733,5942.40002463758
23.055239,72.680252,rush_98,252.1000029146671,32.30000042170286,35.30000037699938,75.3000008687377,6.400000117719173,35.30000037699938,0,282.80000205338,34.10000045597553,71261.00006103516,71814.5,71538.29995727539,1215.600001074374,972.000001013279,1039.600005149841
19.092064,72.885994,saha_99,2269.300001695752,307.1000006198883,524.4000019878149,473.6000025570393,91.90000003576279,524.4000019878149,0,2333.400001078844,320.8000004291534,237594.200012207,239449.3001098633,233833.6998748779,13474.69998295605,16452.70001065731,13243.20000171661
23.073574,72.666237,sama_100,283.0000048801303,0,0,52.00000077486038,0,0,0,354.4000060111284,0,0,0,0,0,0,0
23.074291,72.668938,sank_101,228.6000036522746,0,0,53.50000075250864,0,0,0,301.2000047490001,0,0,0,0,0,0,0
23.078131,72.672485,sapt_102,633.6000083908439,0,0,228.2000011950731,0,0,0,814.3000100702047,0,241058.4999237061,239449.4000549316,239803.2001495361,1420.500003822148,1332.80000256747,1363.800001725554
23.075439,72.662659,sarg_103,618.9000109434128,0,0,170.5000026226044,0,0,0,818.5000139474869,0,0,0,0,0,0,0
23.0571,72.677299,sari_104,6675.300029009581,1137.200001716614,1196.600003868341,1402.400009483099,292.3999997377396,1196.600003868341,0,7083.600030682981,1175.999999046326,3241158.399765015,3269558.099945068,3227510.700195313,39768.60001559556,43159.60004640371,38523.70004582405
23.057629,72.677475,sari_104,1591.700009196997,0,133.4000008106232,363.0000020042062,0,133.5000007748604,0,1771.800012081861,0,139094.700088501,138691.3000946045,138796.2001037598,5899.500009074807,5741.400023207068,7335.799986861646
23.058105,72.674957,sari_104,944.2000037804246,0,90.50000047683716,99.19999991357327,0,90.50000047683716,0,953.8000018149614,0,70834.49992370605,71533.60003662109,70785.50006103516,5361.899996384978,4929.200002670288,5087.399975955486
23.075706,72.647942,sart_105,3951.500018663704,671.6000065132976,644.5000025033951,930.000006698072,180.8000013306737,644.5000025033951,0,4182.100016511977,704.9000062718987,931380.5000457764,911047.0002746582,905134.3000183105,20520.09999422729,21754.70000123233,18347.89999288321
23.064783,72.674576,satv_106,1825.700028002262,0,0,539.3000064119697,0,0,0,2106.400035463274,0,1453389.999938965,1455497.600601196,1460428.100143433,4601.900018125772,4710.900025710464,4592.100007966161
23.067259,72.675819,satv_106,2556.600011691451,0,215.6000014394522,496.6000003740191,0,215.7000013440847,0,2755.200019560754,0,215310.0002288818,214225.799987793,214321.7999725342,11780.90003740042,10761.10003700852,10970.10003570467
23.068586,72.653595,save_107,447.5000061318278,0,0,86.70000132918358,0,0,0,585.4000082686543,0,192819.2999572754,192968.700302124,191600.1998291016,2095.700005352497,2036.999999850988,1991.800000205636
19.155363,72.83493,seja_108,1384.600023120642,26.6000003516674,0,190.5000028908253,0,0,0,1624.200026966631,27.00000037252903,0,0,0,0,0,0
23.068586,72.653595,shit_109,335.1000058054924,0,0,72.00000133365393,0,0,0,463.100007429719,0,0,0,0,0,0,0
23.074272,72.667053,shit_109,302.7000053822994,38.30000049620867,0,70.20000106841326,1.500000022351742,0,0,384.8000067025423,39.00000051409006,0,0,0,0,0,0
23.068586,72.653595,shra_110,194.0000029355288,0,0,32.10000047832727,0,0,0,224.3000036478043,0,0,0,0,0,0,0
22.334208,73.141876,shre_111,6.300000123679638,0,0,.3000000044703484,0,0,0,6.300000123679638,0,22661.49993896484,22664.89994812012,22825.20007324219,126.0999989807606,57.00000041723251,25.50000029802322
23.053471,72.67907,shre_111,3108.900025166571,166.4999990463257,238.2000011950731,694.4000043720007,50.30000025033951,238.2000011950731,0,3451.600027896464,174.6999992132187,425965.099899292,425830.9995727539,425673.2002563477,12285.2000124678,11432.60002139956,11458.20003367215
23.062386,72.648636,shre_111,1560.400012649596,0,88.80000119656324,398.1000034958124,0,88.90000119805336,0,1793.10001899302,0,310081.1999359131,335247.1998596191,333330.3001098633,5702.500008404255,5961.800005160272,3769.300002902746
23.068586,72.653595,shre_111,2368.900026626885,108.8000018000603,103.800000436604,572.1000060141087,16.80000025033951,103.800000436604,0,2766.400028526783,111.3000017628074,311130.3999023438,310674.4000396729,312081.4001159668,4115.400015704334,5113.600003674626,6304.799993231893
23.074652,72.67588,shre_111,2152.00001103431,0,218.2000013664365,501.1000027060509,0,218.4000015333295,0,2415.100010149181,0,359351.6000366211,359693.6999664307,359964.5000610352,8635.300014995039,8457.100010707974,9061.700011529028
23.076374,72.653122,shre_111,5521.500021085143,786.2000043392181,1048.80000397563,1243.500009670854,212.7000005319715,1048.80000397563,0,5836.800022691488,824.000004209578,403008.1000213623,406617.8002471924,394836.9001922607,26908.5999648571,31354.29999865592,26690.20000320673
23.068586,72.653595,shri_112,482.3000075668097,0,0,90.60000048577785,0,0,0,581.1000102385879,0,46527.00009155273,47723.59982299805,46945.19989013672,189.6000008583069,206,198.6000001430511
23.063602,72.672318,shub_113,2157.000022396445,0,0,1121.400015361607,0,0,0,2706.800036169589,0,427350.599822998,426763.5995025635,429878.700088501,6928.200005672872,7985.300015285611,7345.700036227703
23.068586,72.653595,shub_113,928.2000120133162,298.5000051036477,0,385.2000012770295,22.90000034123659,0,0,1098.700017817318,304.9000051096082,212499.0000762939,211583.0998840332,212673.6002655029,3513.399990722537,3152.399999193847,3225.999984785914
23.033167,72.666428,shya_114,364.5000061243773,0,0,71.40000106394291,0,0,0,473.100007891655,0,0,0,0,0,0,0
23.063938,72.669952,shya_114,1057.600015133619,0,0,263.400002412498,0,0,0,1183.600015848875,0,3555754.90133667,3551425.40083313,3574954.399810791,7366.700044371188,6814.90004183352,7095.200043849647
23.070408,72.673683,shya_114,1924.70001693815,0,0,674.1000048220158,0,0,0,2177.500022239983,0,4560269.999313354,4607509.901657104,4590492.7996521,13767.60007853806,12542.20005468279,13689.7000618726
23.070499,72.669395,silv_115,3180.200012788177,307.1000006198883,524.4000019878149,936.3000054880977,91.90000003576279,524.4000019878149,0,3620.300016179681,320.8000004291534,379143.7000579834,380499.500289917,374270.7003631592,16082.89997884631,18420.50000422448,15760.80000038445
23.06282,72.677849,soli_116,64.00000036507845,0,0,18.40000022947788,0,0,0,67.29999985545874,0,24088.30003356934,24094.50010681152,24206.60011291504,674.8999991416931,723.7000041007996,733.6000051498413
23.077103,72.672867,soli_116,2295.800002343953,307.1000006198883,524.4000019878149,522.7000033706427,91.90000003576279,524.4000019878149,0,2388.000001698732,320.8000004291534,189593.8000488281,191477.3001708984,185485.700088501,13454.29998242855,15617.49999901652,13243.20000171661
23.068586,72.653595,somn_117,553.3999989032745,0,182.0000010430813,368.2000017762184,0,182.1000009477139,0,665.19999563694,0,46847.39987182617,47072.99998474121,47208.39994812012,3647.2999958992,3556.999995708466,3612.500002861023
23.076256,72.676598,span_118,5196.200006447732,670.0000008642673,1097.900004096329,1152.900006376207,188.4000001326203,1097.900004096329,0,5380.70000538975,697.8000006750226,975153.0000610352,982303.0006256104,969705.3000946045,31009.79997666925,37432.00000725687,31087.80000867695
,,stre_119,136.1000000759959,0,0,1.500000022351742,0,0,0,136.200000077486,0,47776.89994812012,47775.10000610352,47452.29997253418,656.3999971300364,754.9999967366457,832.8000063225627
23.07235,72.669609,subh_120,804.0000124648213,53.20000126957893,0,229.900003567338,9.600000143051147,0,0,993.200015284121,56.80000142753124,24094.60005187988,23688.90008544922,23995.99993896484,12.60000021010637,11.30000022053719,23.60000042617321
23.068586,72.653595,sumt_121,977.6000161245465,0,0,195.4000029340386,0,0,0,1302.300021022558,0,0,0,0,0,0,0
23.072363,72.663773,sund_122,321.0000052079558,0,0,63.00000093877316,0,0,0,423.0000067129731,0,0,0,0,0,0,0
23.068586,72.653595,sura_123,3381.800020992756,446.400002554059,524.4000019878149,753.7000068873167,102.0000001937151,524.4000019878149,0,3628.800023302436,462.6000023782253,425554.2998809814,427813.6004486084,422473.4001159668,14591.69998209924,16230.89999853075,13785.30000448972
23.076042,72.665245,sura_123,170.4000028893352,0,0,38.10000056773424,0,0,0,205.5000034719706,0,0,0,0,0,0,0
23.067324,72.666374,surb_124,481.800006262958,0,0,114.8000018522143,0,0,0,574.1000072211027,0,23530.5,23923.90002441406,23684.99998474121,153.199999332428,159.199999332428,151.5000004768372
23.073572,72.659103,surd_125,4981.600010976195,684.1000016853213,1048.80000397563,1118.900007836521,196.5000003278255,1048.80000397563,0,5200.70001103729,714.3000013157725,499129.500213623,504321.9002532959,490529.9002990723,27765.69996482134,31713.60000093281,26852.70000712574
23.025095,72.670425,sury_126,339.0000057965517,60.50000102072954,0,89.70000140368938,4.90000007301569,0,0,406.7000069841743,62.00000101327896,0,0,0,0,0,0
23.048103,72.679214,sury_126,1484.700004406273,550.1000031009316,277.9000005573034,382.1000007241964,48.70000041276217,277.9000005573034,0,1580.800005532801,557.5000024363399,1089053.899124146,1062191.600036621,1065102.500534058,14114.30002113432,10899.70000395924,13453.30002538115
23.050222,72.656815,swam_127,11505.30013477802,0,0,4418.800014212728,0,0,0,13919.70013400912,0,4468949.400344849,4470215.401016235,4473992.698959351,36190.70009603351,35584.80009633303,36318.10006643087
23.058613,72.677086,swam_127,2268.100001364946,307.1000006198883,524.4000019878149,472.4000025391579,91.90000003576279,524.4000019878149,0,2332.40000077337,320.8000004291534,286092.3999481201,264114.8001708984,258353.1999816895,15671.89997778833,17351.20002152771,14973.50000973791
,,swam_127,74.40000117570162,0,0,11.30000016838312,0,0,0,95.70000150799751,0,23775.50006103516,23419.29998779297,23806.00007629395,0,276.3000010251999,4.700000055134296
23.068586,72.653595,swap_128,10565.40001606941,1438.800005547702,2155.200008898973,2244.100014477968,403.0000007003546,2155.200008898973,0,10966.80001468211,1502.200004823506,854795.4002227783,861157.6007995605,836989.3002319336,56384.59994328022,68908.60002554953,60011.00001496077
23.068586,72.653595,swas_129,660.1000106707215,0,0,82.60000137239695,0,0,0,695.200010612607,0,2133054.000320435,2126609.700119019,2125270.200454712,4834.100023187697,4998.900021493435,4712.900019362569
,,swas_129,382.2000005245209,0,84.2000003606081,149.8999997228384,0,84.2000003606081,0,421.1000000610948,0,190733.6000518799,189752.6999969482,190018.9998931885,2458.900006890297,2124.999999314547,2443.199994310737
23.068586,72.653595,tapi_130,14457.70002272725,1842.60000371933,3146.400011926889,3092.000019215047,551.4000002145767,3146.400011926889,0,14983.90002174675,1924.800002574921,1544935.300582886,1557589.700408936,1521099.000732422,81247.79990009218,94519.60000097752,79944.4000178948
,,test_131,2223.700001001358,307.1000006198883,524.4000019878149,471.2000025212765,91.90000003576279,524.4000019878149,0,2287.80000038445,320.8000004291534,189593.8000488281,191477.3001708984,185485.700088501,13454.29998242855,15617.49999901652,13243.20000171661
23.074005,72.661407,tiru_132,9932.000020742416,1272.300003282726,2097.60000795126,2192.300015069544,371.4000001996756,2097.60000795126,0,10346.30002110451,1327.800002522767,758375.2001953125,765909.2006835938,741942.8003540039,53817.1999297142,62469.99999606609,52972.80000686646
22.996176,72.65609,tuls_133,7184.50002091378,307.1000006198883,1036.400001600385,1509.700003765523,91.90000003576279,1036.500001505017,0,7668.800018325448,320.8000004291534,475881.9998168945,477671.5004882813,473922.700302124,37528.49988850206,37333.30007412285,35184.50000081956
23.068586,72.653595,umiy_134,1186.799998193979,0,120.2000009417534,140.5000019446015,0,120.2000009417534,0,1265.400005079806,0,166973.7002410889,167059.7998504639,165689.0000152588,6197.599988028407,5867.100004665554,5382.399991393089
28.566862,77.162712,vasa_135,3363.200020417571,307.1000006198883,524.4000019878149,759.6000071242452,91.90000003576279,524.4000019878149,0,3620.300022497773,320.8000004291534,237493.0001831055,238776.5001525879,233158.3001251221,13944.29998147488,16873.29999324679,13467.40000124276
23.068586,72.653595,ved _136,3012.30000589788,344.9000011086464,615.8000017926097,686.2000038474798,94.10000007599592,616.1000020429492,0,3135.600006975234,358.9000009149313,1049137.600402832,1056952.10043335,1052181.500457764,18423.1999867186,21165.40001454204,18026.20001977682
23.062485,72.6763,veda_137,67.8000006005168,0,0,9.30000015348196,0,0,0,69.10000040382147,0,24030.20001220703,24160.79991149902,24055.09997558594,557.2999982833862,829.5999960899353,694.2000045776367
23.067612,72.676643,veda_137,1526.20000565052,2.800000041723251,491.5999972820282,458.8000018894672,16.20000016689301,491.6999974250793,0,1671.899999722838,16.20000016689301,1346367.500152588,1267767.500610352,1331231.699966431,12535.20000365376,11725.80003012717,10328.90002273023
23.068586,72.653595,vima_138,231.6000040024519,0,0,60.90000093728304,0,0,0,311.1000052765012,0,0,0,0,0,0,0
23.046295,72.680428,vish_139,2091.000009924173,0,50.30000099539757,702.9000059440732,0,50.30000099539757,0,2292.700014702976,0,589039.5999298096,592160.8002929688,592394.0003814697,10214.20001043379,8153.099997073412,8982.400014415383
23.079514,72.670532,vraz_140,614.1000028178096,0,87.19999992847443,201.4000014960766,0,87.19999992847443,0,663.70000308007,0,239233.1000976563,240802.5997009277,239554.0000457764,2660.200006902218,3632.999996826053,3248.599986739457
23.068586,72.653595,vrun_141,2059.300009690225,0,276.0000010505319,688.10000359267,0,276.1000010743737,0,2317.800016567111,0,262838.8999481201,263396.5000610352,262331.0999603271,7519.499996595085,7951.599972419441,7906.399979479611
23.079372,72.674133,vrun_141,421.0000074580312,30.50000058859587,0,134.6000022962689,7.800000116229057,0,0,495.800008751452,32.30000062286854,0,0,0,0,0,0
23.068586,72.653595,whit_142,1409.900010444224,181.800000667572,391.2000004053116,120.3000008761883,11.00000023841858,391.2000004053116,0,1427.300010547042,182.800000667572,764691.7002868652,757125.5000305176,765581.7001953125,9112.100002445281,12476.40002273023,11599.30002868176
23.066515,72.676582,yash_143,3421.000010557473,464.7999958992004,372.9999997019768,752.7000019922853,93.80000030994415,372.9999997019768,0,3721.100024133921,474.9999980926514,327157.8001251221,300875.3998565674,300067.3999633789,16166.20003768802,18740.3000626713,16191.90001742542
23.067032,72.676437,yash_143,1693.100030913949,0,0,441.6000056937337,0,0,0,2026.400029338896,0,304096.400100708,305091.1997528076,304328.9000244141,1857.000010922551,2140.699993640184,2151.199999108911
23.068586,72.653595,yogi_144,2179.900017417967,0,190.1999999880791,440.8000024780631,0,190.1999999880791,0,2361.700011983514,0,213046.2001953125,214781.7000274658,213589.1000518799,9449.699991963804,8779.400037504733,9734.200018048286
23.068586,72.653595,yuvr_145,552.5000096186996,0,0,80.60000119358301,0,0,0,645.9000109657645,0,22461.20004272461,23696.90008544922,22595.90000915527,139.3000004589558,36.70000025629997,33.80000065267086
